{\rtf1\ansi\ansicpg1252\cocoartf1265
{\fonttbl\f0\fnil\fcharset0 Menlo-Regular;\f1\fnil\fcharset77 InaiMathi;}
{\colortbl;\red255\green255\blue255;\red196\green26\blue22;}
\paperw11900\paperh16840\margl1440\margr1440\vieww10800\viewh8400\viewkind0
\deftab674
\pard\tx674\pardeftab674\pardirnatural

\f0\fs28 \cf2 \CocoaLigature0 [\{\\"id\\":\\"Cover\\",\\"name\\":\\"Cover\\",\\"layers\\":[\{\\"type\\":\\"image\\",\\"url\\":\\"abad124338.jpg\\",\\"alignment\\":\\"left\\",\\"order\\":0,\\"name\\":\\"\\"\}],\\"order\\":0,\\"pageNo\\":1,\\"original_id\\":747,\\"child\\":\\"jigsaw\\"\},\{\\"id\\":1,\\"name\\":1,\\"layers\\":[\{\\"type\\":\\"image\\",\\"url\\":\\"21833583e6.jpg\\",\\"alignment\\":\\"middle\\",\\"order\\":0,\\"name\\":\\"\\"\},\{\\"type\\":\\"text\\",\\"alignment\\":\\"left\\",\\"order\\":0,\\"name\\":\\"\\"\},\{\\"type\\":\\"audio\\",\\"url\\":\\"671db6ad7f.mp3\\",\\"wordTimes\\":[2.4927539825439453,3.2448489665985107,4.247387886047363,4.749120235443115,5.000740051269531],\\"wordMap\\":[\{\\"word\\":\\"
\f1 \uc0\u2970 \u3009 \u2984 \u3021 \u2980 \u2992 \u2990 \u3021 
\f0 \\",\\"step\\":25,\\"wordIdx\\":1\},\{\\"word\\":\\"
\f1 \uc0\u2980 \u3007 \u2985 \u2990 \u3009 \u2990 \u3021 
\f0 \\",\\"step\\":32,\\"wordIdx\\":2\},\{\\"word\\":\\"
\f1 \uc0\u2965 \u2979 \u3007 \u2985 \u3007 
\f0 \\",\\"step\\":42,\\"wordIdx\\":3\},\{\\"word\\":\\"
\f1 \uc0\u2997 \u3007 \u2995 \u3016 \u2991 \u3006 \u2975 \u3021 \u2975 \u3009 
\f0 \\",\\"step\\":47,\\"wordIdx\\":4\},\{\\"word\\":\\"
\f1 \uc0\u2997 \u3007 \u2995 \u3016 \u2991 \u3006 \u2975 \u3009 \u2997 \u3006 \u2985 \u3021 
\f0 .\\",\\"step\\":50,\\"wordIdx\\":5\}],\\"order\\":0,\\"name\\":\\"\\"\}],\\"order\\":0,\\"pageNo\\":1,\\"original_id\\":748\},\{\\"id\\":2,\\"name\\":2,\\"layers\\":[\{\\"type\\":\\"image\\",\\"url\\":\\"50d0f84f99.jpg\\",\\"alignment\\":\\"middle\\",\\"order\\":0,\\"name\\":\\"\\"\},\{\\"type\\":\\"text\\",\\"alignment\\":\\"left\\",\\"order\\":0,\\"name\\":\\"\\"\},\{\\"type\\":\\"audio\\",\\"url\\":\\"d13bba5005.mp3\\",\\"wordTimes\\":[1.2127419710159302,1.9000000000000001,2.725771903991699,3.4780259132385254,3.981329917907715,5.232964038848877,6.485886096954346,7,7.489037990570068,7.9,8.200000000000001,8.8,9.243943214416504],\\"wordMap\\":[\{\\"word\\":\\"
\f1 \uc0\u2962 \u2992 \u3009 \u2984 \u3006 \u2995 \u3021 
\f0 \\",\\"step\\":12,\\"wordIdx\\":1\},\{\\"word\\":\\"
\f1 \uc0\u2949 \u2997 \u2985 \u3021 
\f0 \\",\\"step\\":19,\\"wordIdx\\":2\},\{\\"word\\":\\"
\f1 \uc0\u2997 \u3008 \u2975 \u3021 \u2975 \u3007 \u2994 \u3021 
\f0 \\",\\"step\\":27,\\"wordIdx\\":3\},\{\\"word\\":\\"
\f1 \uc0\u2991 \u3006 \u2992 \u3009 \u2990 \u3021 
\f0 \\",\\"step\\":35,\\"wordIdx\\":4\},\{\\"word\\":\\"
\f1 \uc0\u2951 \u2994 \u3021 \u2994 \u3016 
\f0 .\\",\\"step\\":40,\\"wordIdx\\":5\},\{\\"word\\":\\"
\f1 \uc0\u2949 \u2986 \u3021 \u2986 \u3019 \u2980 \u3009 
\f0 \\",\\"step\\":52,\\"wordIdx\\":6\},\{\\"word\\":\\"
\f1 \uc0\u2970 \u3009 \u2984 \u3021 \u2980 \u2992 \u2990 \u3021 
\f0 \\",\\"step\\":65,\\"wordIdx\\":7\},\{\\"word\\":\\"\'a0\'93
\f1 \uc0\u2965 \u3019 \u2986 \u2990 \u3006 \u2985 
\f0 \\",\\"step\\":70,\\"wordIdx\\":8\},\{\\"word\\":\\"
\f1 \uc0\u2965 \u3009 \u2992 \u3009 \u2997 \u3007 
\f0 \'94\\",\\"step\\":75,\\"wordIdx\\":9\},\{\\"word\\":\\"
\f1 \uc0\u2958 \u2985 \u3021 \u2993 
\f0 \\",\\"step\\":79,\\"wordIdx\\":10\},\{\\"word\\":\\"
\f1 \uc0\u2997 \u3007 \u2995 \u3016 \u2991 \u3006 \u2975 \u3021 \u2975 \u3016 
\f0 \\",\\"step\\":82,\\"wordIdx\\":11\},\{\\"word\\":\\"
\f1 \uc0\u2997 \u3007 \u2995 \u3016 \u2991 \u3006 \u2975 \u3007 \u2965 \u3021 
\f0 \\",\\"step\\":88,\\"wordIdx\\":12\},\{\\"word\\":\\"
\f1 \uc0\u2965 \u3018 \u2979 \u3021 \u2975 \u3007 \u2992 \u3009 \u2984 \u3021 \u2980 \u3006 \u2985 \u3021 
\f0 .\\",\\"step\\":92,\\"wordIdx\\":13\}],\\"order\\":0,\\"name\\":\\"\\"\}],\\"order\\":0,\\"pageNo\\":1,\\"original_id\\":749\},\{\\"id\\":3,\\"name\\":3,\\"layers\\":[\{\\"type\\":\\"image\\",\\"url\\":\\"a8fc0e26ef.jpg\\",\\"alignment\\":\\"middle\\",\\"order\\":0,\\"name\\":\\"\\"\},\{\\"type\\":\\"text\\",\\"alignment\\":\\"left\\",\\"order\\":0,\\"name\\":\\"\\"\},\{\\"type\\":\\"audio\\",\\"url\\":\\"bd026a2f3b.mp3\\",\\"wordTimes\\":null,\\"wordMap\\":[\{\\"word\\":\\"
\f1 \uc0\u2949 \u2986 \u3021 \u2986 \u3019 \u2980 \u3009 
\f0 \\",\\"step\\":12,\\"wordIdx\\":1\},\{\\"word\\":\\"
\f1 \uc0\u2959 \u2980 \u3019 
\f0 \\",\\"step\\":19,\\"wordIdx\\":2\},\{\\"word\\":\\"
\f1 \uc0\u2970 \u2980 \u3021 \u2980 \u2990 \u3021 
\f0 \\",\\"step\\":27,\\"wordIdx\\":3\},\{\\"word\\":\\"
\f1 \uc0\u2965 \u3015 \u2975 \u3021 \u2975 \u2980 \u3009 
\f0 \\",\\"step\\":35,\\"wordIdx\\":4\},\{\\"word\\":\\"
\f1 \uc0\u2949 \u2997 \u2985 \u3021 
\f0 .\\",\\"step\\":40,\\"wordIdx\\":5\},\{\\"word\\":\\"
\f1 \uc0\u2980 \u3007 \u2992 \u3009 \u2990 \u3021 \u2986 \u3007 \u2986 \u3021 
\f0 \\",\\"step\\":52,\\"wordIdx\\":6\},\{\\"word\\":\\"
\f1 \uc0\u2986 \u3006 \u2992 \u3021 \u2980 \u3021 \u2980 \u3006 \u2985 \u3021 
\f0 .\\",\\"step\\":65,\\"wordIdx\\":7\}],\\"order\\":0,\\"name\\":\\"\\"\}],\\"order\\":0,\\"pageNo\\":1,\\"original_id\\":750\},\{\\"id\\":4,\\"name\\":4,\\"layers\\":[\{\\"type\\":\\"image\\",\\"url\\":\\"685dcbd3db.jpg\\",\\"alignment\\":\\"middle\\",\\"order\\":0,\\"name\\":\\"\\"\},\{\\"type\\":\\"text\\",\\"alignment\\":\\"left\\",\\"order\\":0,\\"name\\":\\"\\"\},\{\\"type\\":\\"audio\\",\\"url\\":\\"515c992c1b.mp3\\",\\"wordTimes\\":null,\\"wordMap\\":[\{\\"word\\":\\"
\f1 \uc0\u2949 \u2969 \u3021 \u2965 \u3015 
\f0 \\",\\"step\\":12,\\"wordIdx\\":1\},\{\\"word\\":\\"
\f1 \uc0\u2949 \u2997 \u2985 \u3021 
\f0 \\",\\"step\\":19,\\"wordIdx\\":2\},\{\\"word\\":\\"
\f1 \uc0\u2997 \u3008 \u2975 \u3021 \u2975 \u3009 \u2970 \u3021 
\f0 \\",\\"step\\":27,\\"wordIdx\\":3\},\{\\"word\\":\\"
\f1 \uc0\u2970 \u2985 \u3021 \u2985 \u2994 \u3021 
\f0 \\",\\"step\\":35,\\"wordIdx\\":4\},\{\\"word\\":\\"
\f1 \uc0\u2986 \u2965 \u3021 \u2965 \u2980 \u3021 \u2980 \u3007 \u2994 \u3021 
\f0 \\",\\"step\\":40,\\"wordIdx\\":5\},\{\\"word\\":\\"
\f1 \uc0\u2984 \u3006 \u2985 \u3021 \u2965 \u3009 
\f0 \\",\\"step\\":52,\\"wordIdx\\":6\},\{\\"word\\":\\"
\f1 \uc0\u2986 \u2993 \u2997 \u3016 \u2965 \u2995 \u3021 
\f0 \\",\\"step\\":65,\\"wordIdx\\":7\},\{\\"word\\":\\"
\f1 \uc0\u2953 \u2975 \u3021 \u2965 \u3006 \u2992 \u3021 \u2984 \u3021 \u2980 \u3009 
\f0 \\",\\"step\\":35,\\"wordIdx\\":8\},\{\\"word\\":\\"
\f1 \uc0\u2951 \u2992 \u3009 \u2984 \u3021 \u2980 \u2985 
\f0 .\\",\\"step\\":40,\\"wordIdx\\":9\},\{\\"word\\":\\"
\f1 \uc0\u2949 \u2997 \u3016 
\f0 \\",\\"step\\":52,\\"wordIdx\\":10\},\{\\"word\\":\\"
\f1 \uc0\u2949 \u2997 \u2985 \u3016 \u2965 \u3021 
\f0 \\",\\"step\\":65,\\"wordIdx\\":11\},		\{\\"word\\":\\"
\f1 \uc0\u2965 \u3019 \u2986 \u2990 \u3006 \u2965 \u2986 \u3021 
\f0 \\",\\"step\\":52,\\"wordIdx\\":12\},\{\\"word\\":\\"
\f1 \uc0\u2986 \u3006 \u2992 \u3021 \u2980 \u3021 \u2980 \u2985 
\f0 .\\",\\"step\\":65,\\"wordIdx\\":13\}],\\"order\\":0,\\"name\\":\\"\\"\}],\\"order\\":0,\\"pageNo\\":1,\\"original_id\\":752\},\{\\"id\\":5,\\"name\\":6,\\"layers\\":[\{\\"type\\":\\"widget\\",\\"wid\\":\\"5\\",\\"slug\\":\\"Where_is_sundaram\\",\\"order\\":0,\\"name\\":\\"\\"\}],\\"order\\":0,\\"pageNo\\":1,\\"type\\":\\"widget\\",\\"original_id\\":760\},\{\\"id\\":6,\\"name\\":5,\\"layers\\":[\{\\"type\\":\\"widget\\",\\"wid\\":\\"4\\",\\"slug\\":\\"where_is_bird\\",\\"order\\":0,\\"name\\":\\"\\"\}],\\"order\\":0,\\"pageNo\\":1,\\"type\\":\\"widget\\",\\"original_id\\":761\},\{\\"id\\":7,\\"name\\":7,\\"layers\\":[\{\\"type\\":\\"widget\\",\\"wid\\":\\"6\\",\\"slug\\":\\"widget3\\",\\"order\\":0,\\"name\\":\\"\\"\}],\\"order\\":0,\\"pageNo\\":1,\\"type\\":\\"widget\\",\\"original_id\\":762\},\{\\"id\\":\\"jigsaw\\",\\"name\\":\\"jigsaw\\",\\"layers\\":[\{\\"type\\":\\"image\\",\\"url\\":\\"a8fc0e26ef.jpg\\",\\"order\\":0,\\"name\\":\\"\\"\}],\\"type\\":\\"game\\",\\"pageid\\":\\"Cover\\",\\"order\\":0,\\"pageNo\\":1,\\"original_id\\":775\}]}